SearchID,Authors,Title,Year,Journal,ArticleType,SupplementsIncluded,NumSupplementFiles,SupplementsMentionedPaper,SupplementsDetailedPaper,DatasetsNominallyIncluded,DatasetsIncluded,NumDataFiles,DatasetsSource,DatasetsURL,DatasetInfoPaper,DatasetInfoWebsite,DataFormat,CodeNominallyIncluded,CodeIncluded,NumCodeFiles,CodeSource,CodeURL,CodeInfoPaper,CodeInfoWebsite,CodeType,Notes,status_nom_sharing,status_act_sharing
MA001,"Bowles T.M., Jackson L.E., Loeher M., Cavagnaro T.R.",Ecological intensification and arbuscular mycorrhizas: a meta-analysis of tillage and cover crop effects,2017,Journal of Applied Ecology,Nominal MA,TRUE,1,TRUE,TRUE,TRUE,TRUE,1,Dryad,https://datadryad.org/resource/doi:10.5061/dryad.1756f,TRUE,FALSE,xlsx,FALSE,FALSE,NA,NA,NA,NA,NA,NA,"Data accessibility section only visible on website when full text is selected - it's part of the article text, but not a separate section like Supporting Information is.",nom_shared_data_only,act_shared_data_only
MA003,"Mori A.S., Tatsumi S., Gustafsson L.",Landscape properties affect biodiversity response to retention approaches in forestry,2017,Journal of Applied Ecology,Nominal MA,TRUE,2,TRUE,TRUE,TRUE,TRUE,1,Journal website,NA,TRUE,TRUE,csv,FALSE,FALSE,NA,NA,NA,NA,NA,NA,NA,nom_shared_data_only,act_shared_data_only
MA005,"Charlebois J.A., Sargent R.D.",No consistent pollinator-mediated impacts of alien plants on natives,2017,Ecology Letters,Nominal MA,TRUE,4,TRUE,FALSE,TRUE,TRUE,1,Dryad,https://datadryad.org/resource/doi:10.5061/dryad.s1432,TRUE,FALSE,csv,FALSE,FALSE,NA,NA,NA,NA,NA,NA,"Data accessibility section only visible on website when full text is selected - it's part of the article text, but not a separate section like Supporting Information is.",nom_shared_data_only,act_shared_data_only
MA006,"Martin-StPaul N., Delzon S., Cochard H.",Plant resistance to drought depends on timely stomatal closure,2017,Ecology Letters,Nominal MA,TRUE,5,TRUE,FALSE,TRUE,TRUE,1,Zenodo,https://zenodo.org/record/854700,TRUE,FALSE,xlsx,FALSE,FALSE,NA,NA,NA,NA,NA,NA,"Data accessibility section only visible on website when full text is selected - it's part of the article text, but not a separate section like Supporting Information is.",nom_shared_data_only,act_shared_data_only
MA009,"Romano A., Saino N., Møller A.P.",Viability and expression of sexual ornaments in the barn swallow Hirundo rustica: a meta-analysis,2017,Journal of Evolutionary Biology,Nominal MA,TRUE,3,TRUE,TRUE,TRUE,TRUE,1,Journal website,NA,TRUE,TRUE,pdf,FALSE,FALSE,NA,NA,NA,NA,NA,NA,NA,nom_shared_data_only,act_shared_data_only
MA010,"Davidson K.E., Fowler M.S., Skov M.W., Doerr S.H., Beaumont N., Griffin J.N.",Livestock grazing alters multiple ecosystem properties and services in salt marshes: a meta-analysis,2017,Journal of Applied Ecology,Nominal MA,TRUE,8,TRUE,TRUE,TRUE,TRUE,1,Figshare,https://figshare.com/articles/Salt_marsh_grazing_meta-analysis_dataset/4641073,TRUE,FALSE,xlsx,FALSE,FALSE,NA,NA,NA,NA,NA,NA,NA,nom_shared_data_only,act_shared_data_only
MA011,"Grant J.W.A., Weir L.K., Steingrímsson S.Ó.",Territory size decreases minimally with increasing food abundance in stream salmonids: Implications for population regulation,2017,Journal of Animal Ecology,Nominal MA,TRUE,1,TRUE,FALSE,TRUE,TRUE,1,Dryad,https://datadryad.org/resource/doi:10.5061/dryad.37hh4,TRUE,FALSE,xlsx,FALSE,FALSE,NA,NA,NA,NA,NA,NA,NA,nom_shared_data_only,act_shared_data_only
MA013,"Horswill C., O'Brien S.H., Robinson R.A.",Density dependence and marine bird populations: are wind farm assessments precautionary?,2017,Journal of Applied Ecology,Nominal MA,TRUE,2,TRUE,TRUE,FALSE,FALSE,NA,NA,NA,NA,NA,NA,FALSE,FALSE,NA,NA,NA,NA,NA,NA,Data accessibility statement in article: Data have not been archived because this article does not contain data.,nom_shared_none,act_shared_none
MA014,"Auer S.K., Killen S.S., Rezende E.L.","Resting vs. active: a meta-analysis of the intra- and inter-specific associations between minimum, sustained, and maximum metabolic rates in vertebrates",2017,Functional Ecology,Nominal MA,TRUE,5,TRUE,TRUE,TRUE,TRUE,2,Journal website,NA,TRUE,FALSE,docx,FALSE,FALSE,NA,NA,NA,NA,NA,NA,Data provided in two Word docs as part of journal website supplements,nom_shared_data_only,act_shared_data_only
MA015,"Buchanan A.L., Hermann S.L., Lund M., Szendrei Z.",A meta-analysis of non-consumptive predator effects in arthropods: the influence of organismal and environmental characteristics,2017,Oikos,Nominal MA,TRUE,1,TRUE,TRUE,TRUE,TRUE,1,Dryad,https://datadryad.org/resource/doi:10.5061/dryad.b3k81,TRUE,FALSE,xlsx,FALSE,FALSE,NA,NA,NA,NA,NA,NA,Oikos website for supplements different from Wiley website,nom_shared_data_only,act_shared_data_only
MA016,"Xu X., Medvigy D., Joseph Wright S., Kitajima K., Wu J., Albert L.P., Martins G.A., Saleska S.R., Pacala S.W.",Variations of leaf longevity in tropical moist forests predicted by a trait-driven carbon optimality model,2017,Ecology Letters,Nominal MA,TRUE,5,TRUE,FALSE,TRUE,TRUE,1,Journal website,NA,TRUE,FALSE,xlsx,TRUE,TRUE,5,Journal website,NA,TRUE,FALSE,Python,"Code is provided, but it doesn't look like it is for the meta-analysis",nom_shared_both_code_data,act_shared_both_code_data
MA017,"Soria M., Leigh C., Datry T., Bini L.M., Bonada N.",Biodiversity in perennial and intermittent rivers: a meta-analysis,2017,Oikos,Nominal MA,TRUE,1,TRUE,TRUE,TRUE,TRUE,1,Dryad,https://datadryad.org/resource/doi:10.5061/dryad.559cs,TRUE,FALSE,xlsx,FALSE,FALSE,NA,NA,NA,NA,NA,NA,Oikos website for supplements different from Wiley website,nom_shared_data_only,act_shared_data_only
MA018,"Delavaux C.S., Smith-Ramesh L.M., Kuebbing S.E.",Beyond nutrients: a meta-analysis of the diverse effects of arbuscular mycorrhizal fungi on plants and soils,2017,Ecology,Nominal MA,TRUE,3,TRUE,TRUE,TRUE,TRUE,2,Journal website,NA,TRUE,TRUE,csv,FALSE,FALSE,NA,NA,NA,NA,NA,NA,"Data CSVs provided in zip file (one data, one metadata)",nom_shared_data_only,act_shared_data_only
MA019,"LaManna J.A., Martin T.E.",Logging impacts on avian species richness and composition differ across latitudes and foraging and breeding habitat preferences,2017,Biological Reviews,Nominal MA,TRUE,1,TRUE,TRUE,FALSE,FALSE,NA,NA,NA,NA,NA,NA,FALSE,FALSE,NA,NA,NA,NA,NA,NA,NA,nom_shared_none,act_shared_none
MA020,"Leal L.C., Peixoto P.E.C.",Decreasing water availability across the globe improves the effectiveness of protective ant–plant mutualisms: a meta-analysis,2017,Biological Reviews,Nominal MA,TRUE,1,TRUE,TRUE,FALSE,FALSE,NA,NA,NA,NA,NA,NA,FALSE,FALSE,NA,NA,NA,NA,NA,NA,NA,nom_shared_none,act_shared_none
MA021,"Romano A., Costanzo A., Rubolini D., Saino N., Møller A.P.",Geographical and seasonal variation in the intensity of sexual selection in the barn swallow Hirundo rustica: a meta-analysis,2017,Biological Reviews,Nominal MA,TRUE,3,TRUE,TRUE,TRUE,TRUE,1,Journal website,NA,TRUE,TRUE,xlsx,FALSE,FALSE,NA,NA,NA,NA,NA,NA,NA,nom_shared_data_only,act_shared_data_only
MA022,"Anthelme F., Meneses R.I., Valero N.N.H., Pozo P., Dangles O.",Fine nurse variations explain discrepancies in the stress-interaction relationship in alpine regions,2017,Oikos,Nominal MA,TRUE,1,TRUE,TRUE,TRUE,TRUE,7,Dryad,https://datadryad.org/resource/doi:10.5061/dryad.22t16,TRUE,FALSE,xlsx,FALSE,FALSE,NA,NA,NA,NA,NA,NA,NA,nom_shared_data_only,act_shared_data_only
MA023,"Hindrikson M., Remm J., Pilot M., Godinho R., Stronen A.V., Baltrūnaité L., Czarnomska S.D., Leonard J.A., Randi E., Nowak C., Åkesson M., López-Bao J.V., Álvares F., Llaneza L., Echegaray J., Vilà C., Ozolins J., Rungis D., Aspi J., Paule L., Skrbinšek T., Saarma U.","Wolf population genetics in Europe: a systematic review, meta-analysis and suggestions for conservation and management",2017,Biological Reviews,Nominal MA,TRUE,4,TRUE,TRUE,TRUE,TRUE,1,Journal website,NA,TRUE,TRUE,docx,FALSE,FALSE,NA,NA,NA,NA,NA,NA,"SK 2021-02-11: Decided to code generously, and assume App. 4 is the extracted data used for meta-analysis",nom_shared_data_only,act_shared_data_only
MA024,"Knapp J.L., Bartlett L.J., Osborne J.L.",Re-evaluating strategies for pollinator-dependent crops: How useful is parthenocarpy?,2017,Journal of Applied Ecology,Nominal MA,TRUE,3,TRUE,TRUE,TRUE,TRUE,1,Journal website,NA,TRUE,TRUE,docx,FALSE,FALSE,NA,NA,NA,NA,NA,NA,NA,nom_shared_data_only,act_shared_data_only
MA025,"Gázquez A., Beemster G.T.S.",What determines organ size differences between species? A meta-analysis of the cellular basis,2017,New Phytologist,Nominal MA,TRUE,2,TRUE,TRUE,TRUE,TRUE,1,Journal website,NA,TRUE,TRUE,xlsx,FALSE,FALSE,NA,NA,NA,NA,NA,NA,NA,nom_shared_data_only,act_shared_data_only
MA026,"Hendershot J.N., Read Q.D., Henning J.A., Sanders N.J., Classen A.T.",Consistently inconsistent drivers of microbial diversity and abundance at macroecological scales,2017,Ecology,Nominal MA,TRUE,10,TRUE,TRUE,TRUE,TRUE,3,Journal website,NA,TRUE,TRUE,csv,FALSE,FALSE,NA,NA,NA,NA,NA,NA,Data CSVs provided in zip file,nom_shared_data_only,act_shared_data_only
MA027,"Farji-Brener A.G., Werenkraut V.",The effects of ant nests on soil fertility and plant performance: a meta-analysis,2017,Journal of Animal Ecology,Nominal MA,TRUE,3,TRUE,TRUE,TRUE,TRUE,1,Journal website,NA,TRUE,TRUE,docx,FALSE,FALSE,NA,NA,NA,NA,NA,NA,NA,nom_shared_data_only,act_shared_data_only
MA028,"Hitchcock D.J., Varpe Ø., Andersen T., Borgå K.",Effects of reproductive strategies on pollutant concentrations in pinnipeds: a meta-analysis,2017,Oikos,Nominal MA,TRUE,1,TRUE,TRUE,FALSE,FALSE,NA,NA,NA,NA,NA,NA,FALSE,FALSE,NA,NA,NA,NA,NA,NA,"It looks like a lot of the required data is provided in Tables 1-4 in the article, but it is clear that not all data is provided. At no point does the article claim to have shared data or made it available.",nom_shared_none,act_shared_none
MA029,"Miller S.E., Barrueto M., Schluter D.",A comparative analysis of experimental selection on the stickleback pelvis,2017,Journal of Evolutionary Biology,Nominal MA,TRUE,1,TRUE,TRUE,TRUE,TRUE,0,Table in paper,NA,TRUE,FALSE,NA,FALSE,FALSE,NA,NA,NA,NA,NA,NA,"Data provided in tables in article: p.1169 says ""Details and effect sizes for all studies are reported in Tables 1 and 2."" Although there is not explicit statement of data sharing this statement ought to count.",nom_shared_data_only,act_shared_data_only
MA031,"Rowiński P.K., Rogell B.",Environmental stress correlates with increases in both genetic and residual variances: A meta-analysis of animal studies,2017,Evolution,Nominal MA,TRUE,2,TRUE,TRUE,TRUE,TRUE,2,Dryad,https://datadryad.org/resource/doi:10.5061/dryad.58bm7,TRUE,FALSE,"csv, txt",FALSE,FALSE,NA,NA,NA,NA,NA,NA,"Journal website contains a ""data summary""",nom_shared_data_only,act_shared_data_only
MA033,"Yue K., Fornara D.A., Yang W., Peng Y., Peng C., Liu Z., Wu F.",Influence of multiple global change drivers on terrestrial carbon storage: additive effects are common,2017,Ecology Letters,Nominal MA,TRUE,1,TRUE,FALSE,TRUE,FALSE,NA,NA,NA,NA,NA,NA,FALSE,FALSE,NA,NA,NA,NA,NA,NA,"The supplement refers to an attached Excel file, but this is not evident anywhere (not on publisher website)",nom_shared_data_only,act_shared_none
MA035,"Wood K.A., Ponting J., D'Costa N., Newth J.L., Rose P.E., Glazov P., Rees E.C.",Understanding intrinsic and extrinsic drivers of aggressive behaviour in waterbird assemblages: a meta-analysis,2017,Animal Behaviour,Nominal MA,TRUE,1,TRUE,FALSE,TRUE,TRUE,1,Journal website,NA,TRUE,TRUE,xlsx,FALSE,FALSE,NA,NA,NA,NA,NA,NA,NA,nom_shared_data_only,act_shared_data_only
MA036,"Greenwood S., Ruiz-Benito P., Martínez-Vilalta J., Lloret F., Kitzberger T., Allen C.D., Fensham R., Laughlin D.C., Kattge J., Bönisch G., Kraft N.J.B., Jump A.S.","Tree mortality across biomes is promoted by drought intensity, lower wood density and higher specific leaf area",2017,Ecology Letters,Nominal MA,TRUE,5,TRUE,TRUE,TRUE,TRUE,1,Dryad,https://datadryad.org/resource/doi:10.5061/dryad.g551v,TRUE,FALSE,xlsx,FALSE,FALSE,NA,NA,NA,NA,NA,NA,NA,nom_shared_data_only,act_shared_data_only
MA037,"Martin P.A., Newton A.C., Bullock J.M.",Impacts of invasive plants on carbon pools depend on both species’ traits and local climate,2017,Ecology,Nominal MA,TRUE,1,TRUE,TRUE,FALSE,FALSE,NA,NA,NA,NA,NA,NA,FALSE,FALSE,NA,NA,NA,NA,NA,NA,NA,nom_shared_none,act_shared_none
MA038,"Holtmann B., Lagisz M., Nakagawa S.","Metabolic rates, and not hormone levels, are a likely mediator of between-individual differences in behaviour: a meta-analysis",2017,Functional Ecology,Nominal MA,TRUE,4,TRUE,TRUE,TRUE,TRUE,1,Journal website,NA,TRUE,TRUE,pdf,FALSE,FALSE,NA,NA,NA,NA,NA,NA,Data in PDF supplement,nom_shared_data_only,act_shared_data_only
MA039,"Catano C.P., Dickson T.L., Myers J.A.",Dispersal and neutral sampling mediate contingent effects of disturbance on plant beta-diversity: a meta-analysis,2017,Ecology Letters,Nominal MA,TRUE,2,TRUE,TRUE,TRUE,FALSE,NA,NA,NA,NA,NA,NA,FALSE,FALSE,NA,NA,NA,NA,NA,NA,"Paper mentions Dryad, but data could not be found",nom_shared_data_only,act_shared_none
MA040,"Poulin R., Pérez-Ponce de León G.",Global analysis reveals that cryptic diversity is linked with habitat but not mode of life,2017,Journal of Evolutionary Biology,Nominal MA,TRUE,1,TRUE,TRUE,TRUE,TRUE,1,Dryad,https://datadryad.org/resource/doi:10.5061/dryad.1hj46,TRUE,FALSE,xlsx,FALSE,FALSE,NA,NA,NA,NA,NA,NA,NA,nom_shared_data_only,act_shared_data_only
MA041,"Usui T., Butchart S.H.M., Phillimore A.B.",Temporal shifts and temperature sensitivity of avian spring migratory phenology: a phylogenetic meta-analysis,2017,Journal of Animal Ecology,Nominal MA,TRUE,1,TRUE,TRUE,TRUE,TRUE,1,Dryad,https://datadryad.org/resource/doi:10.5061/dryad.mb4nd,TRUE,FALSE,csv,FALSE,FALSE,NA,NA,NA,NA,NA,NA,NA,nom_shared_data_only,act_shared_data_only
MA042,"Hrycik A.R., Almeida L.Z., Höök T.O.",Sub-lethal effects on fish provide insight into a biologically-relevant threshold of hypoxia,2017,Oikos,Nominal MA,TRUE,1,TRUE,TRUE,TRUE,TRUE,4,Dryad,https://datadryad.org/resource/doi:10.5061/dryad.td771,TRUE,FALSE,"csv, txt",FALSE,FALSE,NA,NA,NA,NA,NA,NA,Oikos website for supplements different from Wiley website,nom_shared_data_only,act_shared_data_only
MA044,"Rossetti M.R., Tscharntke T., Aguilar R., Batáry P.",Responses of insect herbivores and herbivory to habitat fragmentation: a hierarchical meta-analysis,2017,Ecology Letters,Nominal MA,TRUE,1,TRUE,TRUE,TRUE,TRUE,1,Journal website,NA,TRUE,TRUE,docx,FALSE,FALSE,NA,NA,NA,NA,NA,NA,Data in docx supplement tables S2-S4,nom_shared_data_only,act_shared_data_only
MA045,"Sorenson G.H., Dey C.J., Madliger C.L., Love O.P.",Effectiveness of baseline corticosterone as a monitoring tool for fitness: a meta-analysis in seabirds,2017,Oecologia,Nominal MA,TRUE,1,TRUE,FALSE,TRUE,TRUE,1,Journal website,NA,TRUE,FALSE,pdf,FALSE,FALSE,NA,NA,NA,NA,NA,NA,NA,nom_shared_data_only,act_shared_data_only
MA046,"Foo Y.Z., Nakagawa S., Rhodes G., Simmons L.W.",The effects of sex hormones on immune function: a meta-analysis,2017,Biological Reviews,Nominal MA,TRUE,1,TRUE,TRUE,FALSE,FALSE,NA,NA,NA,NA,NA,NA,FALSE,FALSE,NA,NA,NA,NA,NA,NA,NA,nom_shared_none,act_shared_none
MA048,"Hossie T., Landolt K., Murray D.L.",Determinants and co-expression of anti-predator responses in amphibian tadpoles: a meta-analysis,2017,Oikos,Nominal MA,TRUE,1,TRUE,FALSE,TRUE,TRUE,1,Dryad,https://datadryad.org/resource/doi:10.5061/dryad.t8g60,TRUE,TRUE,xlsx,FALSE,FALSE,NA,NA,NA,NA,NA,NA,Oikos website for supplementary info: http://www.oikosjournal.org/appendix/oik-03305,nom_shared_data_only,act_shared_data_only
MA049,"Booksmythe I., Mautz B., Davis J., Nakagawa S., Jennions M.D.",Facultative adjustment of the offspring sex ratio and male attractiveness: a systematic review and meta-analysis,2017,Biological Reviews,Nominal MA,TRUE,8,TRUE,TRUE,TRUE,TRUE,1,Journal website,NA,TRUE,TRUE,xlsx,FALSE,FALSE,NA,NA,NA,NA,NA,NA,NA,nom_shared_data_only,act_shared_data_only
MA052,"Ameye M., Allmann S., Verwaeren J., Smagghe G., Haesaert G., Schuurink R.C., Audenaert K.",Green leaf volatile production by plants: A meta-analysis,2017,New Phytologist,Nominal MA,TRUE,1,TRUE,TRUE,FALSE,FALSE,NA,NA,NA,NA,NA,NA,FALSE,FALSE,NA,NA,NA,NA,NA,NA,Not published yet? No volume/issue information,nom_shared_none,act_shared_none
MA053,"Vidal M.C., Murphy S.M.",Bottom-up vs. top-down effects on terrestrial insect herbivores: A meta-analysis,2017,Ecology Letters,Nominal MA,TRUE,1,TRUE,FALSE,TRUE,TRUE,2,Dryad,https://datadryad.org/resource/doi:10.5061/dryad.2ng06,TRUE,FALSE,"xlsx, doc",FALSE,FALSE,NA,NA,NA,NA,NA,NA,"Data accessibility section only visible on website when full text is selected - it's part of the article text, but not a separate section like Supporting Information is.",nom_shared_data_only,act_shared_data_only
MA054,"Deng Q., McMahon D.E., Xiang Y., Yu C.-L., Jackson R.B., Hui D.",A global meta-analysis of soil phosphorus dynamics after afforestation,2017,New Phytologist,Nominal MA,TRUE,2,TRUE,TRUE,TRUE,TRUE,1,Journal website,NA,TRUE,TRUE,xlsx,FALSE,FALSE,NA,NA,NA,NA,NA,NA,NA,nom_shared_data_only,act_shared_data_only
MA055,"Lee M.R., Bernhardt E.S., van Bodegom P.M., Cornelissen J.H.C., Kattge J., Laughlin D.C., Niinemets Ü., Peñuelas J., Reich P.B., Yguel B., Wright J.P.",Invasive species’ leaf traits and dissimilarity from natives shape their impact on nitrogen cycling: a meta-analysis,2017,New Phytologist,Nominal MA,TRUE,2,TRUE,TRUE,FALSE,FALSE,NA,NA,NA,NA,NA,NA,TRUE,TRUE,1,Journal website,NA,TRUE,TRUE,R,Code is in supplementary info PDF not a separate text file,nom_shared_code_only,act_shared_code_only
MA056,"Zvereva E.L., Zverev V., Kruglova O.Y., Kozlov M.V.",Strategies of chemical anti-predator defences in leaf beetles: is sequestration of plant toxins less costly than de novo synthesis?,2017,Oecologia,Nominal MA,TRUE,1,TRUE,TRUE,TRUE,TRUE,1,Journal website,NA,TRUE,TRUE,pdf,FALSE,FALSE,NA,NA,NA,NA,NA,NA,Data in Table S5 of supplemental material,nom_shared_data_only,act_shared_data_only
MA057,"Xiao Z., Wang X., Koricheva J., Kergunteuil A., Le Bayon R.-C., Liu M., Hu F., Rasmann S.",Earthworms affect plant growth and resistance against herbivores: A meta-analysis,2017,Functional Ecology,Nominal MA,TRUE,4,TRUE,TRUE,TRUE,TRUE,1,"Dryad, journal website",https://datadryad.org/resource/doi:10.5061/dryad.382k1,TRUE,TRUE,xlsx,FALSE,FALSE,NA,NA,NA,NA,NA,NA,Data file both on Dryad and journal website,nom_shared_data_only,act_shared_data_only
MA058,"Camenzind T., Hättenschwiler S., Treseder K.K., Lehmann A., Rillig M.C.",Nutrient limitation of soil microbial processes in tropical forests,2017,Ecological Monographs,Nominal MA,TRUE,1,TRUE,TRUE,FALSE,FALSE,NA,NA,NA,NA,NA,NA,FALSE,FALSE,NA,NA,NA,NA,NA,NA,NA,nom_shared_none,act_shared_none
MA059,"Yang H., Zhang Q., Koide R.T., Hoeksema J.D., Tang J., Bian X., Hu S., Chen X.",Taxonomic resolution is a determinant of biodiversity effects in arbuscular mycorrhizal fungal communities,2017,Journal of Ecology,Nominal MA,TRUE,1,TRUE,TRUE,TRUE,TRUE,1,Dryad,https://datadryad.org/resource/doi:10.5061/dryad.4mv7h,TRUE,FALSE,xls,FALSE,FALSE,NA,NA,NA,NA,NA,NA,"Data accessibility section only visible on website when full text is selected - it's part of the article text, but not a separate section like Supporting Information is.",nom_shared_data_only,act_shared_data_only
MA060,"Winternitz J., Abbate J.L., Huchard E., Havlíček J., Garamszegi L.Z.",Patterns of MHC-dependent mate selection in humans and nonhuman primates: a meta-analysis,2017,Molecular Ecology,Nominal MA,TRUE,1,TRUE,TRUE,TRUE,TRUE,2,Dryad,https://datadryad.org/resource/doi:10.5061/dryad.5003g,TRUE,FALSE,"nex, csv",TRUE,TRUE,1,Dryad,https://datadryad.org/resource/doi:10.5061/dryad.5003g,TRUE,FALSE,R,NA,nom_shared_both_code_data,act_shared_both_code_data
MA061,"Molnar J.L., Diogo R., Hutchinson J.R., Pierce S.E.",Reconstructing pectoral appendicular muscle anatomy in fossil fish and tetrapods over the fins-to-limbs transition,2017,Biological Reviews,Nominal MA,TRUE,7,TRUE,TRUE,FALSE,FALSE,NA,NA,NA,NA,NA,NA,FALSE,FALSE,NA,NA,NA,NA,NA,NA,NA,nom_shared_none,act_shared_none
MA062,"Grueber C.E., Gray L.J., Morris K.M., Simpson S.J., Senior A.M.",Intergenerational effects of nutrition on immunity: A systematic review and meta-analysis,2017,Biological Reviews,Nominal MA,TRUE,3,TRUE,TRUE,TRUE,TRUE,1,Journal website,NA,TRUE,TRUE,xlsx,TRUE,TRUE,1,Journal website,NA,TRUE,TRUE,R,NA,nom_shared_both_code_data,act_shared_both_code_data
MA063,"Gruner D.S., Bracken M.E.S., Berger S.A., Eriksson B.K., Gamfeldt L., Matthiessen B., Moorthi S., Sommer U., Hillebrand H.",Effects of experimental warming on biodiversity depend on ecosystem type and local species composition,2017,Oikos,Nominal MA,TRUE,1,TRUE,FALSE,TRUE,TRUE,2,Dryad,https://datadryad.org/resource/doi:10.5061/dryad.f5r3k,TRUE,TRUE,"csv, pdf",FALSE,FALSE,NA,NA,NA,NA,NA,NA,NA,nom_shared_data_only,act_shared_data_only
MA064,"Dynarski K.A., Houlton B.Z.",Nutrient limitation of terrestrial free-living nitrogen fixation,2017,New Phytologist,Nominal MA,TRUE,1,TRUE,TRUE,TRUE,TRUE,2,Figshare,https://figshare.com/s/9d26bab8eb7f70abf6b1,TRUE,FALSE,csv,FALSE,FALSE,NA,NA,NA,NA,NA,NA,NA,nom_shared_data_only,act_shared_data_only
MA065,"Noble D.W.A., Stenhouse V., Schwanz L.E.",Developmental temperatures and phenotypic plasticity in reptiles: A systematic review and meta-analysis,2017,Biological Reviews,Nominal MA,TRUE,1,TRUE,TRUE,TRUE,TRUE,3,OSF,https://osf.io/yd8gs/,TRUE,TRUE,csv,TRUE,TRUE,4,OSF,https://osf.io/fgkv9/,TRUE,TRUE,R,"Reference to data and code is in text, no special section. OSF page is a reference in the article",nom_shared_both_code_data,act_shared_both_code_data
MA066,"Junker R.R., Kuppler J., Amo L., Blande J.D., Borges R.M., van Dam N.M., Dicke M., Dötterl S., Ehlers B.K., Etl F., Gershenzon J., Glinwood R., Gols R., Groot A.T., Heil M., Hoffmeister M., Holopainen J.K., Jarau S., John L., Kessler A., Knudsen J.T., Kost C., Larue-Kontic A.-A.C., Leonhardt S.D., Lucas-Barbosa D., Majetic C.J., Menzel F., Parachnowitsch A.L., Pasquet R.S., Poelman E.H., Raguso R.A., Ruther J., Schiestl F.P., Schmitt T., Tholl D., Unsicker S.B., Verhulst N., Visser M.E., Weldegergis B.T., Köllner T.G.",Covariation and phenotypic integration in chemical communication displays: Biosynthetic constraints and eco-evolutionary implications,2017,New Phytologist,Nominal MA,TRUE,3,TRUE,TRUE,FALSE,FALSE,NA,NA,NA,NA,NA,NA,FALSE,FALSE,NA,NA,NA,NA,NA,NA,NA,nom_shared_none,act_shared_none
MA067,"Risely A., Klaassen M., Hoye B.J.",Migratory animals feel the cost of getting sick: A meta-analysis across species,2017,Journal of Animal Ecology,Nominal MA,TRUE,2,TRUE,FALSE,TRUE,TRUE,1,Zenodo,https://zenodo.org/record/1001820,TRUE,FALSE,csv,TRUE,TRUE,3,Zenodo,https://zenodo.org/record/1001820,TRUE,FALSE,"R, markdown","Data and code are available on the same site, readme file attributed to code file count rather than data file count.",nom_shared_both_code_data,act_shared_both_code_data
MA068,"Ronget V., Gaillard J.-M., Coulson T., Garratt M., Gueyffier F., Lega J.-C., Lemaître J.-F.",Causes and consequences of variation in offspring body mass: Meta-analyses in birds and mammals,2017,Biological Reviews,Nominal MA,TRUE,4,TRUE,TRUE,TRUE,TRUE,3,Journal website,NA,TRUE,TRUE,csv,TRUE,TRUE,1,Journal website,NA,TRUE,TRUE,R,"In this case, the supplements are identical to data and code files - should this be revised?",nom_shared_both_code_data,act_shared_both_code_data
MA069,"Rohner P.T., Teder T., Esperk T., Lu¨pold S., Blanckenhorn W.U.",The evolution of male-biased sexual size dimorphism is associated with increased body size plasticity in males,2017,Functional Ecology,Nominal MA,TRUE,2,TRUE,FALSE,TRUE,TRUE,2,"Journal website, Dryad",https://datadryad.org/resource/doi:10.5061/dryad.f6r60,TRUE,Partially,xlsx,FALSE,FALSE,NA,NA,NA,NA,NA,NA,Different data files included on Dryad and journal website - split by meta-analysis/new data?,nom_shared_data_only,act_shared_data_only
MA070,"Goodell K., Parker I.M.",Invasion of a dominant floral resource: Effects on the floral community and pollination of native plants,2017,Ecology,Nominal MA,TRUE,12,TRUE,FALSE,TRUE,TRUE,1,Journal website,NA,FALSE,TRUE,csv,FALSE,FALSE,NA,NA,NA,NA,NA,NA,"No mention of data file availability in article, only references to Appendices. Journal website lists ecy1639-sup-0011-DataS1.zip and ecy1639-sup-0012-MetadataS1.docx as part of the supplement something considered data clearly included",nom_shared_data_only,act_shared_data_only
MA071,"Sievers M., Hale R., Parris K.M., Swearer S.E.",Impacts of human-induced environmental change in wetlands on aquatic animals,2017,Biological Reviews,Nominal MA,TRUE,5,TRUE,TRUE,TRUE,TRUE,1,Journal website,NA,TRUE,TRUE,xls,TRUE,TRUE,1,Journal website,NA,TRUE,TRUE,R,Code and data files are among the supplement files,nom_shared_both_code_data,act_shared_both_code_data
MA074,"Harts A.M.F., Booksmythe I., Jennions M.D.",Mate guarding and frequent copulation in birds: A meta-analysis of their relationship to paternity and male phenotype,2016,Evolution,Nominal MA,TRUE,2,TRUE,TRUE,TRUE,TRUE,9,"Dryad, journal website",https://datadryad.org/resource/doi:10.5061/dryad.qv000,TRUE,Partially,"csv, docx",TRUE,TRUE,2,Dryad,https://datadryad.org/resource/doi:10.5061/dryad.qv000,FALSE,FALSE,R,Neither article nor journal webpage indicate that the Dryad repository will also contain shared code,nom_shared_both_code_data,act_shared_both_code_data
MA075,"Poorter H., Fiorani F., Pieruschka R., Wojciechowski T., van der Putten W.H., Kleyer M., Schurr U., Postma J.","Pampered inside, pestered outside? Differences and similarities between plants growing in controlled conditions and in the field",2016,New Phytologist,Nominal MA,TRUE,1,TRUE,TRUE,FALSE,FALSE,NA,NA,NA,NA,NA,NA,FALSE,FALSE,NA,NA,NA,NA,NA,NA,NA,nom_shared_none,act_shared_none
MA076,"Edge C.B., Houlahan J.E., Jackson D.A., Fortin M.-J.",The response of amphibian larvae to environmental change is both consistent and variable,2016,Oikos,Nominal MA,FALSE,NA,NA,NA,TRUE,TRUE,2,Dryad,https://datadryad.org/resource/doi:10.5061/dryad.6rn80,TRUE,TRUE,"csv, pdf",FALSE,FALSE,NA,NA,NA,NA,NA,NA,One of the data files on Dryad is a PDF of the references - how should this be coded?,nom_shared_data_only,act_shared_data_only
MA077,"Gill A.L., Finzi A.C.",Belowground carbon flux links biogeochemical cycles and resource-use efficiency at the global scale,2016,Ecology Letters,Nominal MA,TRUE,1,TRUE,FALSE,TRUE,TRUE,1,Journal website,NA,TRUE,FALSE,docx,FALSE,FALSE,NA,NA,NA,NA,NA,NA,NA,nom_shared_data_only,act_shared_data_only
MA078,"Buoro M., Olden J.D., Cucherousset J.",Global Salmonidae introductions reveal stronger ecological effects of changing intraspecific compared to interspecific diversity,2016,Ecology Letters,Nominal MA,TRUE,1,TRUE,FALSE,FALSE,FALSE,NA,NA,NA,NA,NA,NA,FALSE,FALSE,NA,NA,NA,NA,NA,NA,NA,nom_shared_none,act_shared_none
MA079,"Besson A.A., Lagisz M., Senior A.M., Hector K.L., Nakagawa S.",Effect of maternal diet on offspring coping styles in rodents: a systematic review and meta-analysis,2016,Biological Reviews,Nominal MA,TRUE,4,TRUE,TRUE,TRUE,TRUE,1,Journal website,NA,TRUE,TRUE,xls,FALSE,FALSE,NA,NA,NA,NA,NA,NA,NA,nom_shared_data_only,act_shared_data_only
MA080,"Flick A.J., Acevedo M.A., Elderd B.D.",The negative effects of pathogen-infected prey on predators: a meta-analysis,2016,Oikos,Nominal MA,TRUE,1,TRUE,FALSE,TRUE,TRUE,1,Dryad,https://datadryad.org/resource/doi:10.5061/dryad.9ht4g,TRUE,TRUE,xlsx,FALSE,FALSE,NA,NA,NA,NA,NA,NA,NA,nom_shared_data_only,act_shared_data_only
MA081,"Jaffé R., Pope N., Acosta A.L., Alves D.A., Arias M.C., De la Rúa P., Francisco F.O., Giannini T.C., González-Chaves A., Imperatriz-Fonseca V.L., Tavares M.G., Jha S., Carvalheiro L.G.","Beekeeping practices and geographic distance, not land use, drive gene flow across tropical bees",2016,Molecular Ecology,Nominal MA,TRUE,6,TRUE,TRUE,TRUE,TRUE,2,Journal website,NA,TRUE,TRUE,csv,TRUE,TRUE,4,Journal website,NA,TRUE,TRUE,"R, cpp","Data and code files are contained within a single ZIP, which is one of the six supplemental files",nom_shared_both_code_data,act_shared_both_code_data
MA082,"Tsen E.W.J., Sitzia T., Webber B.L.","To core, or not to core: the impact of coring on tree health and a best-practice framework for collecting dendrochronological information from living trees",2016,Biological Reviews,Nominal MA,TRUE,5,TRUE,TRUE,TRUE,TRUE,1,Journal website,NA,TRUE,TRUE,pdf,FALSE,FALSE,NA,NA,NA,NA,NA,NA,NA,nom_shared_data_only,act_shared_data_only
MA090,"Derroire G., Balvanera P., Castellanos-Castro C., Decocq G., Kennard D.K., Lebrija-Trejos E., Leiva J.A., Odén P., Powers J.S., Rico-Gray V., Tigabu M., Healey J.R.",Resilience of tropical dry forests – a meta-analysis of changes in species diversity and composition during secondary succession,2016,Oikos,Nominal MA,TRUE,1,TRUE,FALSE,TRUE,TRUE,1,Dryad,https://datadryad.org/resource/doi:10.5061/dryad.r47tm,TRUE,TRUE,csv,FALSE,FALSE,NA,NA,NA,NA,NA,NA,Dryad includes an explanatory text file in addition to CSV data,nom_shared_data_only,act_shared_data_only
MA091,"Lemoine N.P., Hoffman A., Felton A.J., Baur L., Chaves F., Gray J., Yu Q., Smith M.D.",Underappreciated problems of low replication in ecological feld studies,2016,Ecology,Nominal MA,TRUE,4,TRUE,FALSE,TRUE,TRUE,1,Journal website,NA,TRUE,FALSE,csv,TRUE,TRUE,2,Journal website,NA,FALSE,FALSE,R,"No indication that code is provided in the paper; data and code files are provided in a ZIP, which is not labeled informatively",nom_shared_both_code_data,act_shared_both_code_data
MA092,"Xu X., Medvigy D., Powers J.S., Becknell J.M., Guan K.",Diversity in plant hydraulic traits explains seasonal and inter-annual variations of vegetation dynamics in seasonally dry tropical forests,2016,New Phytologist,Nominal MA,TRUE,3,TRUE,TRUE,TRUE,TRUE,1,Journal website,NA,TRUE,TRUE,xls,TRUE,TRUE,1,Journal website,NA,TRUE,TRUE,FORTRAN?,Code was zipped in a GZ archive,nom_shared_both_code_data,act_shared_both_code_data
MA093,"Hidding B., Bakker E.S., Hootsmans M.J.M., Hilt S.",Synergy between shading and herbivory triggers macrophyte loss and regime shifts in aquatic systems,2016,Oikos,Nominal MA,FALSE,NA,NA,NA,TRUE,FALSE,NA,NA,NA,NA,NA,NA,FALSE,FALSE,NA,NA,NA,NA,NA,NA,"From the article: ""Data are archived in the research database (based on PostgreSQL) of the Leibniz-Institute of Freshwater Ecology and Inland Fisheries (www.igb-berlin.de)."" Couldn't find any further information, however.",nom_shared_data_only,act_shared_none
MA094,"Turney S., Buddle C.M.",Pyramids of species richness: the determinants and distribution of species diversity across trophic levels,2016,Oikos,Nominal MA,TRUE,4,TRUE,FALSE,TRUE,TRUE,1,Journal website,http://www.oikosjournal.org/appendix/oik-03404,TRUE,FALSE,csv,TRUE,TRUE,1,Journal website,http://www.oikosjournal.org/appendix/oik-03404,TRUE,FALSE,R,"There were supposed to be two distinct code files, but the ZIP has the same file duplicated",nom_shared_both_code_data,act_shared_both_code_data
MA095,"Gibert A., Gray E.F., Westoby M., Wright I.J., Falster D.S.","On the link between functional traits and growth rate: meta-analysis shows effects change with plant size, as predicted",2016,Journal of Ecology,Nominal MA,TRUE,1,TRUE,TRUE,TRUE,TRUE,2,Dryad,https://datadryad.org/resource/doi:10.5061/dryad.701q8,TRUE,FALSE,csv,TRUE,TRUE,7,Github,https://github.com/AnaisGibert/Growth_trait_metaanalysis,TRUE,FALSE,R,"The Github repo contains a make file, LaTeX output, etc.",nom_shared_both_code_data,act_shared_both_code_data
MA096,"Jessop T.S., Lane M.L., Teasdale L., Stuart-Fox D., Wilson R.S., Careau V., Moore I.T.",Multiscale evaluation of thermal dependence in the glucocorticoid response of vertebrates,2016,American Naturalist,Nominal MA,FALSE,NA,NA,NA,TRUE,TRUE,1,Dryad,https://datadryad.org/resource/doi:10.5061/dryad.mb65n,TRUE,FALSE,docx,FALSE,FALSE,NA,NA,NA,NA,NA,NA,"The Dryad file is the entire supplement, including data - perhaps no provision for supplements on journal website",nom_shared_data_only,act_shared_data_only
MA097,Katz D.S.W.,The effects of invertebrate herbivores on plant population growth: a meta-regression analysis,2016,Oecologia,Nominal MA,TRUE,1,TRUE,FALSE,FALSE,FALSE,NA,NA,NA,NA,NA,NA,FALSE,FALSE,NA,NA,NA,NA,NA,NA,NA,nom_shared_none,act_shared_none
MA098,"Fuzessy L.F., Cornelissen T.G., Janson C., Silveira F.A.O.",How do primates affect seed germination? A meta-analysis of gut passage effects on neotropical plants,2016,Oikos,Nominal MA,FALSE,NA,TRUE,TRUE,FALSE,FALSE,NA,NA,NA,NA,NA,NA,FALSE,FALSE,NA,NA,NA,NA,NA,NA,The appendix for this paper could not be found on the Oikos website; unusual,nom_shared_none,act_shared_none
MA099,"Cooke J., Leishman M.R.",Consistent alleviation of abiotic stress with silicon addition: a meta-analysis,2016,Functional Ecology,Nominal MA,TRUE,2,TRUE,TRUE,TRUE,TRUE,3,Dryad,https://datadryad.org/resource/doi:10.5061/dryad.538f8,TRUE,FALSE,"csv, txt, docx",FALSE,FALSE,NA,NA,NA,NA,NA,NA,"Data accessibility section only visible on website when full text is selected - it's part of the article text, but not a separate section like Supporting Information is.",nom_shared_data_only,act_shared_data_only
MA100,"Yoon S., Read Q.",Consequences of exotic host use: impacts on Lepidoptera and a test of the ecological trap hypothesis,2016,Oecologia,Nominal MA,TRUE,3,TRUE,FALSE,FALSE,FALSE,NA,NA,NA,NA,NA,NA,FALSE,FALSE,NA,NA,NA,NA,NA,NA,NA,nom_shared_none,act_shared_none
MA101,"Coetzee B.W.T., Chown S.L.",A meta-analysis of human disturbance impacts on Antarctic wildlife,2016,Biological Reviews,Nominal MA,TRUE,5,TRUE,TRUE,TRUE,TRUE,1,Journal website,NA,TRUE,TRUE,docx,FALSE,FALSE,NA,NA,NA,NA,NA,NA,NA,nom_shared_data_only,act_shared_data_only
MA102,"Östman Ö., Eklöf J., Eriksson B.K., Olsson J., Moksnes P.-O., Bergström U.",Top-down control as important as nutrient enrichment for eutrophication effects in North Atlantic coastal ecosystems,2016,Journal of Applied Ecology,Nominal MA,TRUE,4,TRUE,TRUE,TRUE,TRUE,1,Journal website,NA,TRUE,TRUE,xlsx,FALSE,FALSE,NA,NA,NA,NA,NA,NA,"Data accessibility section only visible on website when full text is selected - it's part of the article text, but not a separate section like Supporting Information is.",nom_shared_data_only,act_shared_data_only
MA103,"He Q., Silliman B.R.",Consumer control as a common driver of coastal vegetation worldwide,2016,Ecological Monographs,Nominal MA,TRUE,3,TRUE,FALSE,TRUE,TRUE,3,Dryad,https://datadryad.org/resource/doi:10.5061/dryad.fc07k,TRUE,FALSE,xls,FALSE,FALSE,NA,NA,NA,NA,NA,NA,"Data accessibility section only visible on website when full text is selected - it's part of the article text, but not a separate section like Supporting Information is.",nom_shared_data_only,act_shared_data_only
MA106,"Delgado-Baquerizo M., Maestre F.T., Reich P.B., Trivedi P., Osanai Y., Liu Y.-R., Hamonts K., Jeffries T.C., Singh B.K.",Carbon content and climate variability drive global soil bacterial diversity patterns,2016,Ecological Monographs,Nominal MA,TRUE,1,TRUE,FALSE,TRUE,TRUE,1,Figshare,https://figshare.com/articles/Data_from_Carbon_content_and_climate_variability_drive_global_soil_bacterial_diversity_patterns_/1490056,TRUE,TRUE,xls,FALSE,FALSE,NA,NA,NA,NA,NA,NA,Note that the original Figshare URL in the PDF and on the website is incorrect.,nom_shared_data_only,act_shared_data_only
MA107,"Thom D., Seidl R.",Natural disturbance impacts on ecosystem services and biodiversity in temperate and boreal forests,2016,Biological Reviews,Nominal MA,TRUE,3,TRUE,TRUE,TRUE,TRUE,1,Journal website,NA,TRUE,TRUE,xlsx,FALSE,FALSE,NA,NA,NA,NA,NA,NA,NA,nom_shared_data_only,act_shared_data_only
MA108,"Liu J., Wu N., Wang H., Sun J., Peng B., Jiang P., Bai E.","Nitrogen addition affects chemical compositions of plant tissues, litter and soil organic matter",2016,Ecology,Nominal MA,TRUE,4,TRUE,FALSE,TRUE,TRUE,2,Journal website,NA,TRUE,TRUE,xlsx,FALSE,FALSE,NA,NA,NA,NA,NA,NA,"The two data files are in a single zip, which is one of the supplement files.",nom_shared_data_only,act_shared_data_only
MA109,"Liao H., D'Antonio C.M., Chen B., Huang Q., Peng S.",How much do phenotypic plasticity and local genetic variation contribute to phenotypic divergences along environmental gradients in widespread invasive plants? A meta-analysis,2016,Oikos,Nominal MA,TRUE,1,TRUE,FALSE,TRUE,TRUE,1,Dryad,http://www.oikosjournal.org/appendix/oik-02372,TRUE,TRUE,doc,FALSE,FALSE,NA,NA,NA,NA,NA,NA,"It appears that the data is included twice, once in the Oikos appendix (PDF), once on Dryad (doc)",nom_shared_data_only,act_shared_data_only
MA110,"Arceo-Gómez G., Ashman T.-L.",Invasion status and phylogenetic relatedness predict cost of heterospecific pollen receipt: implications for native biodiversity decline,2016,Journal of Ecology,Nominal MA,TRUE,1,TRUE,TRUE,TRUE,TRUE,2,Dryad,https://datadryad.org/resource/doi:10.5061/dryad.d191r,TRUE,FALSE,"xlsx, rtf",FALSE,FALSE,NA,NA,NA,NA,NA,NA,"Data accessibility section only visible on website when full text is selected - it's part of the article text, but not a separate section like Supporting Information is.",nom_shared_data_only,act_shared_data_only
MA111,"Oduor A.M.O., Leimu R., van Kleunen M.",Invasive plant species are locally adapted just as frequently and at least as strongly as native plant species,2016,Journal of Ecology,Nominal MA,TRUE,2,TRUE,TRUE,TRUE,TRUE,1,Dryad,https://datadryad.org/resource/doi:10.5061/dryad.7t18j,TRUE,FALSE,xls,FALSE,FALSE,NA,NA,NA,NA,NA,NA,NA,nom_shared_data_only,act_shared_data_only
MA112,"Ficetola G.F., Maiorano L.","Contrasting effects of temperature and precipitation change on amphibian phenology, abundance and performance",2016,Oecologia,Nominal MA,TRUE,2,TRUE,FALSE,TRUE,TRUE,1,Journal website,NA,TRUE,TRUE,xls,FALSE,FALSE,NA,NA,NA,NA,NA,NA,"The article never says explicitly ""data is available"" but repeatedly refers to Appendix S1 (most directly when discussing the extracted effect sizes)",nom_shared_data_only,act_shared_data_only
MA115,"Kriengwatana B., Spierings M.J., ten Cate C.","Auditory discrimination learning in zebra finches: Effects of sex, early life conditions and stimulus characteristics",2016,Animal Behaviour,Nominal MA,FALSE,NA,NA,NA,FALSE,FALSE,NA,NA,NA,NA,NA,NA,FALSE,FALSE,NA,NA,NA,NA,NA,NA,"In the acknowledgements: ""We thank Jiani Chen, Verena Ohms, and Caroline van Heijningen for making their data available."" - but no mention of the data itself, anywhere",nom_shared_none,act_shared_none
MA117,"Samia D.S.M., Blumstein D.T., Stankowich T., Cooper W.E.",Fifty years of chasing lizards: New insights advance optimal escape theory,2016,Biological Reviews,Nominal MA,TRUE,6,TRUE,TRUE,TRUE,TRUE,1,Journal website,NA,TRUE,TRUE,xlsx,FALSE,FALSE,NA,NA,NA,NA,NA,NA,NA,nom_shared_data_only,act_shared_data_only
MA118,"Smilanich A.M., Fincher R.M., Dyer L.A.",Does plant apparency matter? Thirty years of data provide limited support but reveal clear patterns of the effects of plant chemistry on herbivores,2016,New Phytologist,Nominal MA,TRUE,2,TRUE,TRUE,TRUE,TRUE,1,Journal website,NA,TRUE,TRUE,xlsx,FALSE,FALSE,NA,NA,NA,NA,NA,NA,NA,nom_shared_data_only,act_shared_data_only
MA119,"Alice Boyle W., Sandercock B.K., Martin K.",Patterns and drivers of intraspecific variation in avian life history along elevational gradients: A meta-analysis,2016,Biological Reviews,Nominal MA,FALSE,NA,NA,NA,TRUE,TRUE,3,Dryad,https://datadryad.org/resource/doi:10.5061/dryad.h13vg,TRUE,FALSE,"csv, txt, tre",FALSE,FALSE,NA,NA,NA,NA,NA,NA,"One of the ""data"" files is a readme file",nom_shared_data_only,act_shared_data_only
MA120,"Blount J.D., Vitikainen E.I.K., Stott I., Cant M.A.",Oxidative shielding and the cost of reproduction,2016,Biological Reviews,Nominal MA,TRUE,1,TRUE,FALSE,FALSE,FALSE,NA,NA,NA,NA,NA,NA,FALSE,FALSE,NA,NA,NA,NA,NA,NA,NA,nom_shared_none,act_shared_none
MA121,Wesner J.S.,Contrasting effects of fish predation on benthic versus emerging prey: a meta-analysis,2016,Oecologia,Nominal MA,TRUE,2,TRUE,FALSE,TRUE,TRUE,1,Journal website,NA,TRUE,FALSE,xlsx,FALSE,FALSE,NA,NA,NA,NA,NA,NA,NA,nom_shared_data_only,act_shared_data_only
MA122,"Moore M.P., Riesch R., Martin R.A.",The predictability and magnitude of life-history divergence to ecological agents of selection: A meta-analysis in livebearing fishes,2016,Ecology Letters,Nominal MA,TRUE,8,TRUE,FALSE,FALSE,FALSE,NA,NA,NA,NA,NA,NA,FALSE,FALSE,NA,NA,NA,NA,NA,NA,"Lots of supplements, but nothing that looks like raw data",nom_shared_none,act_shared_none
MA123,"Rowen E., Kaplan I.",Eco-evolutionary factors drive induced plant volatiles: A meta-analysis,2016,New Phytologist,Nominal MA,TRUE,3,TRUE,TRUE,FALSE,FALSE,NA,NA,NA,NA,NA,NA,FALSE,FALSE,NA,NA,NA,NA,NA,NA,NA,nom_shared_none,act_shared_none
MA124,"Thurman T.J., Barrett R.D.H.",The genetic consequences of selection in natural populations,2016,Molecular Ecology,Nominal MA,TRUE,5,TRUE,TRUE,TRUE,FALSE,NA,NA,NA,NA,NA,NA,TRUE,FALSE,NA,NA,NA,NA,NA,NA,"Data (.xlsx, .csv) and code (.R) files are listed and described in supplementary material, but are not provided as part of the supplement, to linked to. Files seemingly only available upon request, according to the ambiguous data availability statement in the article (which does imply the code and data files are available as part of the supplement).",nom_shared_both_code_data,act_shared_none
MA125,"Hébert M.-P., Beisner B.E., Maranger R.",A meta-analysis of zooplankton functional traits influencing ecosystem function,2016,Ecology,Nominal MA,FALSE,NA,NA,NA,TRUE,TRUE,2,Journal website,NA,TRUE,TRUE,csv,FALSE,FALSE,NA,NA,NA,NA,NA,NA,"For data, readers are referred to a data paper, and the data files are shared on the journal website for that data paper.",nom_shared_data_only,act_shared_data_only
MA126,Anderson J.T.,Plant fitness in a rapidly changing world,2016,New Phytologist,Nominal MA,TRUE,6,TRUE,TRUE,TRUE,TRUE,5,Journal website,NA,TRUE,TRUE,"txt, new",TRUE,TRUE,1,Journal website,NA,FALSE,FALSE,R,The code is relatively well-hidden in the supplementary methods document,nom_shared_both_code_data,act_shared_both_code_data
MA127,"Lorenz S., Martinez-Fernández V., Alonso C., Mosselman E., García de Jalón D., González del Tánago M., Belletti B., Hendriks D., Wolter C.",Fuzzy cognitive mapping for predicting hydromorphological responses to multiple pressures in rivers,2016,Journal of Applied Ecology,Nominal MA,TRUE,7,TRUE,TRUE,FALSE,FALSE,NA,NA,NA,NA,NA,NA,FALSE,FALSE,NA,NA,NA,NA,NA,NA,Unclear if data is provided or not; doesn't seem to be a standard meta-analysis,nom_shared_none,act_shared_none
MA128,"Dougherty L.R., Shuker D.M.",Variation in pre- and post-copulatory sexual selection on male genital size in two species of lygaeid bug,2016,Behavioral Ecology and Sociobiology,Nominal MA,TRUE,1,TRUE,FALSE,TRUE,TRUE,1,Journal website,NA,TRUE,FALSE,docx,FALSE,FALSE,NA,NA,NA,NA,NA,NA,"Full data is in a table in the supplementary material, not a separate data file",nom_shared_data_only,act_shared_data_only
MA129,"Crouzeilles R., Curran M.",Which landscape size best predicts the influence of forest cover on restoration success? A global meta-analysis on the scale of effect,2016,Journal of Applied Ecology,Nominal MA,TRUE,2,TRUE,TRUE,TRUE,TRUE,20,Dryad,https://datadryad.org/resource/doi:10.5061/dryad.v1r34,TRUE,FALSE,txt,TRUE,TRUE,2,Dryad,https://datadryad.org/resource/doi:10.5061/dryad.v1r34,TRUE,FALSE,R,NA,nom_shared_both_code_data,act_shared_both_code_data
MA130,"van Katwijk M.M., Thorhaug A., Marbà N., Orth R.J., Duarte C.M., Kendrick G.A., Althuizen I.H.J., Balestri E., Bernard G., Cambridge M.L., Cunha A., Durance C., Giesen W., Han Q., Hosokawa S., Kiswara W., Komatsu T., Lardicci C., Lee K.-S., Meinesz A., Nakaoka M., O'Brien K.R., Paling E.I., Pickerell C., Ransijn A.M.A., Verduin J.J.",Global analysis of seagrass restoration: The importance of large-scale planting,2016,Journal of Applied Ecology,Nominal MA,TRUE,5,TRUE,TRUE,TRUE,TRUE,2,DANS,https://easy.dans.knaw.nl/ui/datasets/id/easy-dataset:62424,TRUE,FALSE,"csv, pdf",FALSE,FALSE,NA,NA,NA,NA,NA,NA,DOI in paper (https://dx.doi.org/10.17026/dans-x9h-expgl) was not found,nom_shared_data_only,act_shared_data_only
MA133,"McCary M.A., Mores R., Farfan M.A., Wise D.H.",Invasive plants have different effects on trophic structure of green and brown food webs in terrestrial ecosystems: A meta-analysis,2016,Ecology Letters,Nominal MA,TRUE,4,TRUE,FALSE,FALSE,FALSE,NA,NA,NA,NA,NA,NA,FALSE,FALSE,NA,NA,NA,NA,NA,NA,NA,nom_shared_none,act_shared_none
MA135,"Mazé-Guilmo E., Blanchet S., Mccoy K.D., Loot G.",Host dispersal as the driver of parasite genetic structure: A paradigm lost?,2016,Ecology Letters,Nominal MA,TRUE,1,TRUE,FALSE,TRUE,TRUE,1,Journal website,NA,TRUE,FALSE,pdf,FALSE,FALSE,NA,NA,NA,NA,NA,NA,NA,nom_shared_data_only,act_shared_data_only
MA136,"Allen D.C., Wesner J.S.",Synthesis: Comparing effects of resource and consumer fluxes into recipient food webs using meta-analysis,2016,Ecology,Nominal MA,TRUE,4,TRUE,FALSE,FALSE,FALSE,NA,NA,NA,NA,NA,NA,FALSE,FALSE,NA,NA,NA,NA,NA,NA,NA,nom_shared_none,act_shared_none
MA137,"Zvereva E.L., Kozlov M.V.",The costs and effectiveness of chemical defenses in herbivorous insects: A meta-analysis,2016,Ecological Monographs,Nominal MA,TRUE,1,TRUE,FALSE,TRUE,FALSE,NA,NA,NA,NA,NA,NA,FALSE,FALSE,NA,NA,NA,NA,NA,NA,"Supplement describes and names the data files, but those files cannot be found",nom_shared_data_only,act_shared_none
MA138,Barton K.E.,Tougher and thornier: General patterns in the induction of physical defence traits,2016,Functional Ecology,Nominal MA,TRUE,3,TRUE,TRUE,TRUE,TRUE,1,Journal website,NA,TRUE,TRUE,xlsx,FALSE,FALSE,NA,NA,NA,NA,NA,NA,NA,nom_shared_data_only,act_shared_data_only
MA140,"Street S.E., Cross C.P., Brown G.R.",Exaggerated sexual swellings in female nonhuman primates are reliable signals of female fertility and body condition,2016,Animal Behaviour,Nominal MA,TRUE,1,TRUE,FALSE,TRUE,TRUE,1,Journal website,NA,TRUE,FALSE,xlsx,FALSE,FALSE,NA,NA,NA,NA,NA,NA,NA,nom_shared_data_only,act_shared_data_only
MA145,"Moore F.R., Shuker D.M., Dougherty L.",Stress and sexual signaling: A systematic review and meta-analysis,2016,Behavioral Ecology,Nominal MA,TRUE,1,TRUE,FALSE,TRUE,TRUE,1,Journal website,NA,TRUE,FALSE,docx,TRUE,TRUE,1,Journal website,NA,TRUE,FALSE,R,R code contained within a docx file; docx file was contained in a zip file,nom_shared_both_code_data,act_shared_both_code_data
MA146,"Roca I.T., Desrochers L., Giacomazzo M., Bertolo A., Bolduc P., Deschesnes R., Martin C.A., Rainville V., Rheault G., Proulx R.",Shifting song frequencies in response to anthropogenic noise: A meta-analysis on birds and anurans,2016,Behavioral Ecology,Nominal MA,TRUE,2,TRUE,FALSE,TRUE,TRUE,1,Journal website,NA,TRUE,FALSE,xlsx,FALSE,FALSE,NA,NA,NA,NA,NA,NA,There is no PDF for this article; supplementary files are contained in a single zip,nom_shared_data_only,act_shared_data_only
MA147,Holman L.,Bet hedging via multiple mating: A meta-analysis,2016,Evolution,Nominal MA,TRUE,1,TRUE,TRUE,TRUE,TRUE,3,Dryad,https://datadryad.org/resource/doi:10.5061/dryad.b6d75,TRUE,FALSE,csv,TRUE,TRUE,3,Dryad,https://datadryad.org/resource/doi:10.5061/dryad.b6d75,TRUE,FALSE,R,The data files include two sets of simulation results,nom_shared_both_code_data,act_shared_both_code_data
MA148,"Vico G., Manzoni S., Nkurunziza L., Murphy K., Weih M.",Trade-offs between seed output and life span - a quantitative comparison of traits between annual and perennial congeneric species,2016,New Phytologist,Nominal MA,TRUE,4,TRUE,TRUE,TRUE,TRUE,3,Journal website,NA,TRUE,TRUE,xlsx,FALSE,FALSE,NA,NA,NA,NA,NA,NA,NA,nom_shared_data_only,act_shared_data_only
MA149,"Daskin J.H., Pringle R.M.",Does primary productivity modulate the indirect effects of large herbivores? A global meta-analysis,2016,Journal of Animal Ecology,Nominal MA,TRUE,4,TRUE,TRUE,TRUE,TRUE,3,Dryad,https://datadryad.org/resource/doi:10.5061/dryad.kh6j6,TRUE,FALSE,"csv, pdf",FALSE,FALSE,NA,NA,NA,NA,NA,NA,"Data accessibility section only visible on website when full text is selected - it's part of the article text, but not a separate section like Supporting Information is.",nom_shared_data_only,act_shared_data_only
MA150,"Gunton R.M., Pöyry J.",Scale-specific spatial density dependence in parasitoids: a multi-factor meta-analysis,2016,Functional Ecology,Nominal MA,TRUE,3,TRUE,TRUE,TRUE,TRUE,1,Journal website,NA,TRUE,TRUE,xlsx,FALSE,FALSE,NA,NA,NA,NA,NA,NA,NA,nom_shared_data_only,act_shared_data_only
MA151,"German R.N., Thompson C.E., Benton T.G.",Relationships among multiple aspects of agriculture's environmental impact and productivity: a meta-analysis to guide sustainable agriculture,2016,Biological Reviews,Nominal MA,TRUE,6,TRUE,TRUE,FALSE,FALSE,NA,NA,NA,NA,NA,NA,FALSE,FALSE,NA,NA,NA,NA,NA,NA,NA,nom_shared_none,act_shared_none
MA152,"Shantz A.A., Lemoine N.P., Burkepile D.E.",Nutrient loading alters the performance of key nutrient exchange mutualisms,2016,Ecology Letters,Nominal MA,TRUE,4,TRUE,FALSE,TRUE,TRUE,1,Journal website,NA,TRUE,FALSE,docx,FALSE,FALSE,NA,NA,NA,NA,NA,NA,"Note that the supplementary table numbering appears to be out of order: the PDF refers to Table S1, which seems to correspond to the file for Table S3",nom_shared_data_only,act_shared_data_only
MA153,"Dillingham P.W., Moore J.E., Fletcher D., Cortes E., Curtis K.A., James K.C., Lewison R.L.",Improved estimation of intrinsic growth r(max) for long-lived species: integrating matrix models and allometry,2016,Ecological applications : a publication of the Ecological Society of America,Nominal MA,TRUE,3,TRUE,FALSE,FALSE,FALSE,NA,NA,NA,NA,NA,NA,TRUE,TRUE,1,Journal website,NA,FALSE,FALSE,R,The code seems to be just an exemplar for a single figure in the paper,nom_shared_code_only,act_shared_code_only
MA155,"Strader M.E., Aglyamova G.V., Matz M.V.",Red fluorescence in coral larvae is associated with a diapause-like state,2016,Molecular Ecology,Nominal MA,TRUE,1,TRUE,TRUE,TRUE,TRUE,7,Dryad,https://datadryad.org/resource/doi:10.5061/dryad.m3685,TRUE,FALSE,"csv, txt",TRUE,TRUE,2,Dryad,https://datadryad.org/resource/doi:10.5061/dryad.m3685,TRUE,FALSE,R,Only one of the data files is relevant to the meta-analysis; the code files are not relevant to the meta-analysis,nom_shared_both_code_data,act_shared_both_code_data
MA157,"Wood K.A., O'Hare M.T., Mcdonald C., Searle K.R., Daunt F., Stillman R.A.",Herbivore regulation of plant abundance in aquatic ecosystems,2016,Biological Reviews,Nominal MA,TRUE,1,TRUE,TRUE,TRUE,TRUE,1,Journal website,NA,TRUE,TRUE,doc,FALSE,FALSE,NA,NA,NA,NA,NA,NA,NA,nom_shared_data_only,act_shared_data_only
MA158,"Deng Q., Hui D., Luo Y., Elser J., Wang Y.-P., Loladze I., Zhang Q., Dennis S.",Down-regulation of tissue N:P ratios in terrestrial plants by elevated CO2,2015,Ecology,Nominal MA,TRUE,4,TRUE,FALSE,TRUE,TRUE,6,Figshare,https://figshare.com/collections/Down-regulation_of_tissue_N_P_ratios_in_terrestrial_plants_by_elevated_CO_sub_2_sub_/3308202,TRUE,FALSE,csv,FALSE,FALSE,NA,NA,NA,NA,NA,NA,Note that the 4 supplementary files are on Figshare; the publisher's website does not host the files themselves,nom_shared_data_only,act_shared_data_only
MA159,"Garamszegi L.Z., Markó G., Szász E., Zsebők S., Azcárate M., Herczeg G., Török J.","Among-year variation in the repeatability, within- and between-individual, and phenotypic correlations of behaviors in a natural population",2015,Behavioral Ecology and Sociobiology,Nominal MA,FALSE,NA,NA,NA,FALSE,FALSE,NA,NA,NA,NA,NA,NA,FALSE,FALSE,NA,NA,NA,NA,NA,NA,No apparent supplementary material,nom_shared_none,act_shared_none
MA160,"Lüpold S., Simmons L.W., Tomkins J.L., Fitzpatrick J.L.",No evidence for a trade-off between sperm length and male premating weaponry,2015,Journal of Evolutionary Biology,Nominal MA,TRUE,1,TRUE,TRUE,TRUE,TRUE,10,Dryad,https://datadryad.org/resource/doi:10.5061/dryad.g9049,TRUE,FALSE,"txt, nex",FALSE,FALSE,NA,NA,NA,NA,NA,NA,"Dryad also contained a PDF of references, included in journal website supplementary material",nom_shared_data_only,act_shared_data_only
MA162,"Moreno-Mateos D., Meli P., Vara-Rodríguez M.I., Aronson J.",Ecosystem response to interventions: Lessons from restored and created wetland ecosystems,2015,Journal of Applied Ecology,Nominal MA,TRUE,6,TRUE,TRUE,TRUE,TRUE,1,Dryad,https://datadryad.org/resource/doi:10.5061/dryad.71r6q,TRUE,FALSE,xls,FALSE,FALSE,NA,NA,NA,NA,NA,NA,"Data accessibility section only visible on website when full text is selected - it's part of the article text, but not a separate section like Supporting Information is.",nom_shared_data_only,act_shared_data_only
MA163,"Katano I., Doi H., Eriksson B.K., Hillebrand H.",A cross-system meta-analysis reveals coupled predation effects on prey biomass and diversity,2015,Oikos,Nominal MA,TRUE,1,TRUE,FALSE,TRUE,TRUE,1,Journal website,http://www.oikosjournal.org/appendix/oik-02430,TRUE,FALSE,pdf,FALSE,FALSE,NA,NA,NA,NA,NA,NA,NA,nom_shared_data_only,act_shared_data_only
MA164,"Graham S., Chapuis E., Meconcelli S., Bonel N., Sartori K., Christophe A., Alda P., David P., Janicke T.",Size-assortative mating in simultaneous hermaphrodites: an experimental test and a meta-analysis,2015,Behavioral Ecology and Sociobiology,Nominal MA,TRUE,1,TRUE,FALSE,TRUE,TRUE,1,Journal website,NA,TRUE,FALSE,docx,FALSE,FALSE,NA,NA,NA,NA,NA,NA,NA,nom_shared_data_only,act_shared_data_only
MA168,"Goessling J.M., Kennedy H., Mendonça M.T., Wilson A.E.",A meta-analysis of plasma corticosterone and heterophil: Lymphocyte ratios - is there conservation of physiological stress responses over time?,2015,Functional Ecology,Nominal MA,TRUE,2,TRUE,FALSE,FALSE,FALSE,NA,NA,NA,NA,NA,NA,FALSE,FALSE,NA,NA,NA,NA,NA,NA,"Data accessibility statement: All data in this manuscript have been published elsewhere; thus, data are not separately archived.",nom_shared_none,act_shared_none
MA169,"Romero G.Q., Gonçalves-Souza T., Vieira C., Koricheva J.",Ecosystem engineering effects on species diversity across ecosystems: A Meta-analysis,2015,Biological Reviews,Nominal MA,TRUE,2,TRUE,TRUE,TRUE,TRUE,1,Journal website,NA,TRUE,TRUE,docx,FALSE,FALSE,NA,NA,NA,NA,NA,NA,The website labels the data file as: Studies used in the analysis with sources of variation.,nom_shared_data_only,act_shared_data_only
MA170,"Nielsen J.M., Popp B.N., Winder M.",Meta-analysis of amino acid stable nitrogen isotope ratios for estimating trophic position in marine organisms,2015,Oecologia,Nominal MA,TRUE,1,TRUE,FALSE,TRUE,TRUE,1,Journal website,NA,TRUE,TRUE,pdf,FALSE,FALSE,NA,NA,NA,NA,NA,NA,NA,nom_shared_data_only,act_shared_data_only
MA171,"James J., Slater F.M., Vaughan I.P., Young K.A., Cable J.",Comparing the ecological impacts of native and invasive crayfish: could native species’ translocation do more harm than good?,2015,Oecologia,Nominal MA,TRUE,4,TRUE,FALSE,TRUE,TRUE,1,Journal website,NA,TRUE,FALSE,pdf,FALSE,FALSE,NA,NA,NA,NA,NA,NA,"Online Resource 4 has individual study effect sizes, but no measures of variance?",nom_shared_data_only,act_shared_data_only
MA176,"Esteban R., Barrutia O., Artetxe U., Fernández-Marín B., Hernández A., García-Plazaola J.I.",Internal and external factors affecting photosynthetic pigment composition in plants: A meta-analytical approach,2015,New Phytologist,Nominal MA,TRUE,1,TRUE,TRUE,FALSE,FALSE,NA,NA,NA,NA,NA,NA,FALSE,FALSE,NA,NA,NA,NA,NA,NA,NA,nom_shared_none,act_shared_none
MA178,"Becker D.J., Streicker D.G., Altizer S.",Linking anthropogenic resources to wildlife-pathogen dynamics: A review and meta-analysis,2015,Ecology Letters,Nominal MA,TRUE,1,TRUE,FALSE,FALSE,FALSE,NA,NA,NA,NA,NA,NA,FALSE,FALSE,NA,NA,NA,NA,NA,NA,NA,nom_shared_none,act_shared_none
MA179,"Starko S., Claman B.Z., Martone P.T.",Biomechanical consequences of branching in flexible wave-swept macroalgae,2015,New Phytologist,Nominal MA,TRUE,1,TRUE,TRUE,TRUE,TRUE,1,Journal website,NA,TRUE,TRUE,pdf,FALSE,FALSE,NA,NA,NA,NA,NA,NA,Not a true meta-analysis? Unclear,nom_shared_data_only,act_shared_data_only
MA180,"Hsu Y.-H., Schroeder J., Winney I., Burke T., Nakagawa S.",Are extra-pair males different from cuckolded males? A case study and a meta-analytic examination,2015,Molecular Ecology,Nominal MA,TRUE,2,TRUE,TRUE,TRUE,TRUE,1,Journal website,NA,TRUE,TRUE,docx,FALSE,FALSE,NA,NA,NA,NA,NA,NA,NA,nom_shared_data_only,act_shared_data_only
MA181,"Mazza C.A., Ballaré C.L.",Photoreceptors UVR8 and phytochrome B cooperate to optimize plant growth and defense in patchy canopies,2015,New Phytologist,Nominal MA,TRUE,2,TRUE,TRUE,TRUE,TRUE,1,Journal website,NA,TRUE,TRUE,pdf,FALSE,FALSE,NA,NA,NA,NA,NA,NA,NA,nom_shared_data_only,act_shared_data_only
MA182,Jackson M.C.,Interactions among multiple invasive animals,2015,Ecology,Nominal MA,TRUE,2,TRUE,FALSE,TRUE,TRUE,1,Figshare,https://figshare.com/collections/Interactions_among_multiple_invasive_animals/3307848,TRUE,FALSE,htm,FALSE,FALSE,NA,NA,NA,NA,NA,NA,No supplements on journal website itself,nom_shared_data_only,act_shared_data_only
MA183,"Arct A., Drobniak S.M., Cichoń M.",Genetic similarity between mates predicts extrapair paternity-a meta-analysis of bird studies,2015,Behavioral Ecology,Nominal MA,TRUE,1,TRUE,FALSE,FALSE,FALSE,NA,NA,NA,NA,NA,NA,FALSE,FALSE,NA,NA,NA,NA,NA,NA,Some effect size data is shown in the article in a forest plot but there are no shared data files (and no phylogenetic data file shared despite phylogenetic analysis being done),nom_shared_none,act_shared_none
MA184,"Boudreau S.A., Anderson S.C., Worm B.",Top-down and bottom-up forces interact at thermal range extremes on american lobster,2015,Journal of Animal Ecology,Nominal MA,TRUE,1,TRUE,TRUE,TRUE,TRUE,1,Figshare,https://figshare.com/articles/Time_series_to_accompany_Top_down_and_bottom_up_forces_interact_at_thermal_range_extremes_on_American_lobster_/1226921,TRUE,FALSE,csv,FALSE,FALSE,NA,NA,NA,NA,NA,NA,Data file doesn't contain transformed effect sizes?,nom_shared_data_only,act_shared_data_only
MA185,"Yang L.-Y., Machado C.A., Dang X.-D., Peng Y.-Q., Yang D.-R., Zhang D.-Y., Liao W.-J.",The incidence and pattern of copollinator diversification in dioecious and monoecious figs,2015,Evolution,Nominal MA,TRUE,5,TRUE,TRUE,TRUE,TRUE,12,"Journal website, Dryad",https://datadryad.org/resource/doi:10.5061/dryad.7613f,TRUE,FALSE,"nex, txt, xlsx",FALSE,FALSE,NA,NA,NA,NA,NA,NA,Dryad data are genetic sequences; data not downloaded; Excel file from journal website contains meta-analysis data?,nom_shared_data_only,act_shared_data_only
MA186,"Siefert A., Violle C., Chalmandrier L., Albert C.H., Taudiere A., Fajardo A., Aarssen L.W., Baraloto C., Carlucci M.B., Cianciaruso M.V., de L. Dantas V., de Bello F., Duarte L.D.S., Fonseca C.R., Freschet G.T., Gaucherand S., Gross N., Hikosaka K., Jackson B., Jung V., Kamiyama C., Katabuchi M., Kembel S.W., Kichenin E., Kraft N.J.B., Lagerström A., Bagousse-Pinguet Y.L., Li Y., Mason N., Messier J., Nakashizuka T., Overton J.M., Peltzer D.A., Pérez-Ramos I.M., Pillar V.D., Prentice H.C., Richardson S., Sasaki T., Schamp B.S., Schöb C., Shipley B., Sundqvist M., Sykes M.T., Vandewalle M., Wardle D.A.",A global meta-analysis of the relative extent of intraspecific trait variation in plant communities,2015,Ecology Letters,Nominal MA,TRUE,7,TRUE,FALSE,TRUE,TRUE,1,Journal website,NA,TRUE,FALSE,docx,FALSE,FALSE,NA,NA,NA,NA,NA,NA,Is the data in the supplement tables relevant to the meta-analysis?,nom_shared_data_only,act_shared_data_only
MA187,"Beninde J., Veith M., Hochkirch A.",Biodiversity in cities needs space: A meta-analysis of factors determining intra-urban biodiversity variation,2015,Ecology Letters,Nominal MA,TRUE,7,TRUE,FALSE,TRUE,TRUE,1,Journal website,NA,TRUE,FALSE,xlsx,FALSE,FALSE,NA,NA,NA,NA,NA,NA,"The article doesn't explicitly say that the raw data is in the supplement, but it seems to be there",nom_shared_data_only,act_shared_data_only
MA188,"Senior A.M., Nakagawa S., Lihoreau M., Simpson S.J., Raubenheimer D.",An overlooked consequence of dietary mixing: A varied diet reduces interindividual variance in fitness,2015,American Naturalist,Nominal MA,TRUE,1,TRUE,FALSE,TRUE,TRUE,1,Dryad,https://datadryad.org/resource/doi:10.5061/dryad.9hc76,TRUE,FALSE,Rdata,TRUE,TRUE,1,Dryad,https://datadryad.org/resource/doi:10.5061/dryad.9hc76,TRUE,FALSE,R,Reference to online Dryad data only appears in full text version on journal website,nom_shared_both_code_data,act_shared_both_code_data
MA189,"Albertson L.K., Allen D.C., Trexler J.C.","Meta-analysis: Abundance, behavior, and hydraulic energy shape biotic effects on sediment transport in streams",2015,Ecology,Nominal MA,FALSE,NA,NA,NA,FALSE,FALSE,NA,NA,NA,NA,NA,NA,FALSE,FALSE,NA,NA,NA,NA,NA,NA,No supplemental material at all,nom_shared_none,act_shared_none
MA190,Frankham R.,Genetic rescue of small inbred populations: meta-analysis reveals large and consistent benefits of gene flow,2015,Molecular Ecology,Nominal MA,TRUE,2,TRUE,TRUE,TRUE,TRUE,2,Journal website,NA,TRUE,TRUE,"xlsx, doc",FALSE,FALSE,NA,NA,NA,NA,NA,NA,NA,nom_shared_data_only,act_shared_data_only
MA191,Voje K.L.,"Scaling of morphological characters across trait type, sex, and environment: A meta-analysis of static allometries",2015,American Naturalist,Nominal MA,TRUE,4,TRUE,FALSE,TRUE,TRUE,2,"Dryad, journal website",https://datadryad.org/resource/doi:10.5061/dryad.d78c5,TRUE,FALSE,"xls, xlsx",TRUE,TRUE,3,Journal website,NA,FALSE,TRUE,R (txt),"Supplementary files from journal website were contained within two ZIP files, contents of ZIP files reported; R code was saved as .txt files; Excel data files across journal website and Dryad are different",nom_shared_both_code_data,act_shared_both_code_data
MA192,"Slot M., Kitajima K.",General patterns of acclimation of leaf respiration to elevated temperatures across biomes and plant types,2015,Oecologia,Nominal MA,TRUE,1,TRUE,FALSE,FALSE,FALSE,NA,NA,NA,NA,NA,NA,FALSE,FALSE,NA,NA,NA,NA,NA,NA,"There is a table in the article, but that is not raw data, it has been summarised across studies",nom_shared_none,act_shared_none
MA193,"Jahnke M., Olsen J.L., Procaccini G.",A meta-analysis reveals a positive correlation between genetic diversity metrics and environmental status in the long-lived seagrass Posidonia oceanica,2015,Molecular Ecology,Nominal MA,TRUE,2,TRUE,TRUE,TRUE,TRUE,3,Dryad,https://datadryad.org/resource/doi:10.5061/dryad.744fb,TRUE,FALSE,"xlsx, txt",FALSE,FALSE,NA,NA,NA,NA,NA,NA,NA,nom_shared_data_only,act_shared_data_only
MA194,"Iacarella J.C., Dick J.T.A., Alexander M.E., Ricciardi A.",Ecological impacts of invasive alien species along temperature gradients: Testing the role of environmental matching,2015,Ecological Applications,Nominal MA,TRUE,1,TRUE,FALSE,TRUE,TRUE,1,Dryad,https://datadryad.org/resource/doi:10.5061/dryad.q8r53,TRUE,FALSE,xlsx,FALSE,FALSE,NA,NA,NA,NA,NA,NA,"The supplement (Appendix A) is actually hosted on figshare, not journal website: https://figshare.com/collections/Ecological_impacts_of_invasive_alien_species_along_temperature_gradients_testing_the_role_of_environmental_matching/3296777",nom_shared_data_only,act_shared_data_only
MA195,"Quesnelle P.E., Lindsay K.E., Fahrig L.",Relative effects of landscape-scale wetland amount and landscape matrix quality on wetland vertebrates: A meta-analysis,2015,Ecological Applications,Nominal MA,TRUE,4,TRUE,FALSE,TRUE,TRUE,1,Figshare,https://figshare.com/collections/Relative_effects_of_landscape-scale_wetland_amount_and_landscape_matrix_quality_on_wetland_vertebrates_a_meta-analysis/3296801,TRUE,TRUE,htm,FALSE,FALSE,NA,NA,NA,NA,NA,NA,"All supplements are on Figshare, not on journal website directly",nom_shared_data_only,act_shared_data_only
MA197,"Dougherty L.R., Shuker D.M.",The effect of experimental design on the measurement of mate choice: A meta-analysis,2015,Behavioral Ecology,Nominal MA,TRUE,1,TRUE,FALSE,TRUE,TRUE,1,Journal website,NA,TRUE,FALSE,doc,FALSE,FALSE,NA,NA,NA,NA,NA,NA,Supplement file was contained within a ZIP file,nom_shared_data_only,act_shared_data_only
MA198,"Paz-Vinas I., Loot G., Stevens V.M., Blanchet S.",Evolutionary processes driving spatial patterns of intraspecific genetic diversity in river ecosystems,2015,Molecular Ecology,Nominal MA,TRUE,1,TRUE,TRUE,TRUE,TRUE,3,Dryad,https://datadryad.org/resource/doi:10.5061/dryad.38c1g,TRUE,FALSE,txt,TRUE,TRUE,1,Dryad,https://datadryad.org/resource/doi:10.5061/dryad.38c1g,TRUE,FALSE,R,Dryad website contains many large files of simulated data and code for them; not downloaded,nom_shared_both_code_data,act_shared_both_code_data
MA199,"Sistla S.A., Appling A.P., Lewandowska A.M., Taylor B.N., Wolf A.A.",Stoichiometric flexibility in response to fertilization along gradients of environmental and organismal nutrient richness,2015,Oikos,Nominal MA,TRUE,1,TRUE,FALSE,FALSE,FALSE,NA,NA,NA,NA,NA,NA,FALSE,FALSE,NA,NA,NA,NA,NA,NA,Supplement file on separate journal website: http://www.oikosjournal.org/appendix/oik-02385,nom_shared_none,act_shared_none
MA200,"Jauni M., Gripenberg S., Ramula S.",Non-native plant species benefit from disturbance: A meta-analysis,2015,Oikos,Nominal MA,TRUE,1,TRUE,TRUE,FALSE,FALSE,NA,NA,NA,NA,NA,NA,FALSE,FALSE,NA,NA,NA,NA,NA,NA,Supplement file on separate journal website: http://www.oikosjournal.org/appendix/oik-01416,nom_shared_none,act_shared_none
MA201,"Bunn R.A., Ramsey P.W., Lekberg Y.",Do native and invasive plants differ in their interactions with arbuscular mycorrhizal fungi? A meta-analysis,2015,Journal of Ecology,Nominal MA,TRUE,4,TRUE,TRUE,TRUE,TRUE,1,Journal website,NA,TRUE,TRUE,xlsx,FALSE,FALSE,NA,NA,NA,NA,NA,NA,NA,nom_shared_data_only,act_shared_data_only
MA202,"Mehrabi Z., Tuck S.L.",Relatedness is a poor predictor of negative plant-soil feedbacks,2015,New Phytologist,Nominal MA,TRUE,4,TRUE,TRUE,TRUE,TRUE,1,Journal website,NA,TRUE,TRUE,xlsx,TRUE,TRUE,1,Journal website,NA,TRUE,TRUE,R,NA,nom_shared_both_code_data,act_shared_both_code_data
MA203,"Wang X., Taub D.R., Jablonski L.M.",Reproductive allocation in plants as affected by elevated carbon dioxide and other environmental changes: a synthesis using meta-analysis and graphical vector analysis,2015,Oecologia,Nominal MA,TRUE,1,TRUE,FALSE,FALSE,FALSE,NA,NA,NA,NA,NA,NA,FALSE,FALSE,NA,NA,NA,NA,NA,NA,"The supplement contains a table with meta-data, but not effect sizes, for each result used in meta-analysis?",nom_shared_none,act_shared_none
MA204,"Albert A., Auffret A.G., Cosyns E., Cousins S.A.O., D'hondt B., Eichberg C., Eycott A.E., Heinken T., Hoffmann M., Jaroszewicz B., Malo J.E., Mårell A., Mouissie M., Pakeman R.J., Picard M., Plue J., Poschlod P., Provoost S., Schulze K.A., Baltzinger C.",Seed dispersal by ungulates as an ecological filter: A trait-based meta-analysis,2015,Oikos,Nominal MA,TRUE,2,TRUE,FALSE,TRUE,TRUE,2,"Journal website, Dryad",http://www.oikosjournal.org/appendix/oik-02512; https://datadryad.org/resource/doi:10.5061/dryad.dn151,TRUE,TRUE,"xls, xlsx",FALSE,FALSE,NA,NA,NA,NA,NA,NA,Unclear if the Dryad data is part of the meta-analysis,nom_shared_data_only,act_shared_data_only
MA205,"Mijangos J.L., Pacioni C., Spencer P.B.S., Craig M.D.",Contribution of genetics to ecological restoration,2015,Molecular Ecology,Nominal MA,TRUE,1,TRUE,TRUE,TRUE,TRUE,1,Journal website,NA,TRUE,TRUE,xlsx,FALSE,FALSE,NA,NA,NA,NA,NA,NA,Note that the data provided is for a literature review; this does not seem to be a traditional meta-analysis,nom_shared_data_only,act_shared_data_only
MA206,"Tamburello L., Maggi E., Benedetti-Cecchi L., Bellistri G., Rattray A.J., Ravaglioli C., Rindi L., Roberts J., Bulleri F.",Variation in the impact of non-native seaweeds along gradients of habitat degradation: A meta-analysis and an experimental test,2015,Oikos,Nominal MA,TRUE,1,TRUE,TRUE,TRUE,TRUE,1,Dryad,https://datadryad.org/resource/doi:10.5061/dryad.8fp98,TRUE,FALSE,pdf,FALSE,FALSE,NA,NA,NA,NA,NA,NA,Supplement file on separate journal website: http://www.oikosjournal.org/appendix/oik-02197,nom_shared_data_only,act_shared_data_only
MA207,"Ferreira V., Castagneyrol B., Koricheva J., Gulis V., Chauvet E., Graça M.A.S.",A meta-analysis of the effects of nutrient enrichment on litter decomposition in streams,2015,Biological Reviews,Nominal MA,TRUE,12,TRUE,TRUE,TRUE,TRUE,1,Journal website,NA,TRUE,TRUE,xlsx,FALSE,FALSE,NA,NA,NA,NA,NA,NA,NA,nom_shared_data_only,act_shared_data_only
MA208,"Stephens A.E.A., Westoby M.","Effects of insect attack to stems on plant survival, growth, reproduction and photosynthesis",2015,Oikos,Nominal MA,TRUE,1,TRUE,FALSE,TRUE,TRUE,2,Figshare,https://figshare.com/articles/Stem_herbivory_meta_analysis/1134246,TRUE,FALSE,csv,FALSE,FALSE,NA,NA,NA,NA,NA,NA,Supplement file on separate journal website: http://www.oikosjournal.org/appendix/oik-01809,nom_shared_data_only,act_shared_data_only
MA210,Anderegg W.R.L.,Spatial and temporal variation in plant hydraulic traits and their relevance for climate change impacts on vegetation,2015,New Phytologist,Nominal MA,TRUE,1,TRUE,TRUE,FALSE,FALSE,NA,NA,NA,NA,NA,NA,FALSE,FALSE,NA,NA,NA,NA,NA,NA,NA,nom_shared_none,act_shared_none
MA211,"Yuan Z.Y., Chen H.Y.H.",Negative effects of fertilization on plant nutrient resorption,2015,Ecology,Nominal MA,TRUE,22,TRUE,FALSE,TRUE,TRUE,1,Figshare,https://figshare.com/collections/Negative_effects_of_fertilization_on_plant_nutrient_resorption/3307422,TRUE,FALSE,csv,TRUE,TRUE,1,Figshare,https://figshare.com/collections/Negative_effects_of_fertilization_on_plant_nutrient_resorption/3307422,FALSE,FALSE,R,"The supplement files are actually hosted on Figshare, not journal website: https://figshare.com/collections/Negative_effects_of_fertilization_on_plant_nutrient_resorption/3307422",nom_shared_both_code_data,act_shared_both_code_data
MA212,"Valls A., Coll M., Christensen V., Ellison A.M.",Keystone species: Toward an operational concept for marine biodiversity conservation,2015,Ecological Monographs,Nominal MA,TRUE,6,TRUE,FALSE,TRUE,TRUE,101,Figshare,https://figshare.com/collections/Keystone_species_toward_an_operational_concept_for_marine_biodiversity_conservation/3309894,TRUE,FALSE,txt,TRUE,TRUE,1,Figshare,https://figshare.com/collections/Keystone_species_toward_an_operational_concept_for_marine_biodiversity_conservation/3309894,FALSE,FALSE,R,"The supplement files are actually hosted on Figshare, not journal website: https://figshare.com/collections/Keystone_species_toward_an_operational_concept_for_marine_biodiversity_conservation/3309894",nom_shared_both_code_data,act_shared_both_code_data
MA213,"Colautti R.I., Lau J.A.","Contemporary evolution during invasion: Evidence for differentiation, natural selection, and local adaptation",2015,Molecular Ecology,Nominal MA,TRUE,1,TRUE,TRUE,TRUE,TRUE,6,Dryad,https://datadryad.org/resource/doi:10.5061/dryad.gt678,TRUE,FALSE,"csv, txt",TRUE,TRUE,4,Dryad,https://datadryad.org/resource/doi:10.5061/dryad.gt678,TRUE,FALSE,R,"Data accessibility section only visible on website when full text is selected - it's part of the article text, but not a separate section like Supporting Information is.",nom_shared_both_code_data,act_shared_both_code_data
MA214,"Fuiman L.A., Connelly T.L., Lowerre-Barbieri S.K., Mcclelland J.W.",Egg boons: Central components of marine fatty acid food webs,2015,Ecology,Nominal MA,TRUE,2,TRUE,FALSE,TRUE,TRUE,1,Figshare,https://figshare.com/collections/Egg_boons_central_components_of_marine_fatty_acid_food_webs/3307419,TRUE,FALSE,htm,FALSE,FALSE,NA,NA,NA,NA,NA,NA,"The supplement files are actually hosted on Figshare, not journal website: https://figshare.com/collections/Egg_boons_central_components_of_marine_fatty_acid_food_webs/3307419",nom_shared_data_only,act_shared_data_only
MA215,"Baeten L., Davies T.J., Verheyen K., Van Calster H., Vellend M.",Disentangling dispersal from phylogeny in the colonization capacity of forest understorey plants,2015,Journal of Ecology,Nominal MA,TRUE,3,TRUE,TRUE,FALSE,FALSE,NA,NA,NA,NA,NA,NA,FALSE,FALSE,NA,NA,NA,NA,NA,NA,NA,nom_shared_none,act_shared_none
MA217,"Taranu Z.E., Gregory-Eaves I., Leavitt P.R., Bunting L., Buchaca T., Catalan J., Domaizon I., Guilizzoni P., Lami A., Mcgowan S., Moorhouse H., Morabito G., Pick F.R., Stevenson M.A., Thompson P.L., Vinebrooke R.D.",Acceleration of cyanobacterial dominance in north temperate-subarctic lakes during the Anthropocene,2015,Ecology Letters,Nominal MA,TRUE,2,TRUE,FALSE,TRUE,TRUE,1,Journal website,NA,TRUE,FALSE,pdf,FALSE,FALSE,NA,NA,NA,NA,NA,NA,This might not be a traditional meta-analysis; included data might be sufficient for the analysis actually performed,nom_shared_data_only,act_shared_data_only
MA218,"Pintor L.M., Byers J.E.",Do native predators benefit from non-native prey?,2015,Ecology Letters,Nominal MA,TRUE,4,TRUE,FALSE,TRUE,TRUE,1,Journal website,NA,TRUE,FALSE,xlsx,FALSE,FALSE,NA,NA,NA,NA,NA,NA,NA,nom_shared_data_only,act_shared_data_only
MA220,"Harper K.A., Macdonald S.E., Mayerhofer M.S., Biswas S.R., Esseen P.-A., Hylander K., Stewart K.J., Mallik A.U., Drapeau P., Jonsson B.-G., Lesieur D., Kouki J., Bergeron Y.",Edge influence on vegetation at natural and anthropogenic edges of boreal forests in Canada and Fennoscandia,2015,Journal of Ecology,Nominal MA,TRUE,5,TRUE,TRUE,TRUE,TRUE,1,Journal website,NA,TRUE,TRUE,xlsx,FALSE,FALSE,NA,NA,NA,NA,NA,NA,NA,nom_shared_data_only,act_shared_data_only
MA222,"Culina A., Radersma R., Sheldon B.C.",Trading up: The fitness consequences of divorce in monogamous birds,2015,Biological Reviews,Nominal MA,TRUE,2,TRUE,TRUE,TRUE,TRUE,1,Journal website,NA,TRUE,TRUE,xlsx,FALSE,FALSE,NA,NA,NA,NA,NA,NA,NA,nom_shared_data_only,act_shared_data_only
MA223,"Bracken M.E.S., Hillebrand H., Borer E.T., Seabloom E.W., Cebrian J., Cleland E.E., Elser J.J., Gruner D.S., Harpole W.S., Ngai J.T., Smith J.E.",Signatures of nutrient limitation and co-limitation: Responses of autotroph internal nutrient concentrations to nitrogen and phosphorus additions,2015,Oikos,Nominal MA,TRUE,1,TRUE,FALSE,TRUE,TRUE,1,Journal website,NA,TRUE,FALSE,pdf,FALSE,FALSE,NA,NA,NA,NA,NA,NA,Oikos website for supplements different from Wiley website,nom_shared_data_only,act_shared_data_only
MA224,"Périquet S., Fritz H., Revilla E.",The Lion King and the Hyaena Queen: Large carnivore interactions and coexistence,2015,Biological Reviews,Nominal MA,TRUE,1,TRUE,TRUE,FALSE,FALSE,NA,NA,NA,NA,NA,NA,FALSE,FALSE,NA,NA,NA,NA,NA,NA,NA,nom_shared_none,act_shared_none
MA226,"Elliott K.H., Hare J.F., Le Vaillant M., Gaston A.J., Ropert-Coudert Y., Anderson W.G.",Ageing gracefully: Physiology but not behaviour declines with age in a diving seabird,2015,Functional Ecology,Nominal MA,TRUE,1,FALSE,FALSE,TRUE,TRUE,17,Dryad,https://datadryad.org/stash/dataset/doi:10.5061/dryad.j7737,TRUE,TRUE,"xlsx, txt, obj",FALSE,FALSE,NA,NA,NA,NA,NA,NA,The shared data is large and in a number of zip files. The obj format files refer to binary files from logging/recording devices,nom_shared_data_only,act_shared_data_only
MA227,"Lafuente A., Pérez-Palacios P., Doukkali B., Molina-Sánchez M.D., Jiménez-Zurdo J.I., Caviedes M.A., Rodríguez-Llorente I.D., Pajuelo E.",Unraveling the effect of arsenic on the model Medicago-Ensifer interaction: A transcriptomic meta-analysis,2015,New Phytologist,Nominal MA,TRUE,1,TRUE,TRUE,FALSE,FALSE,NA,NA,NA,NA,NA,NA,FALSE,FALSE,NA,NA,NA,NA,NA,NA,NA,nom_shared_none,act_shared_none
MA229,"Gamfeldt L., Lefcheck J.S., Byrnes J.E.K., Cardinale B.J., Duffy J.E., Griffin J.N.",Marine biodiversity and ecosystem functioning: What's known and what's next?,2015,Oikos,Nominal MA,TRUE,3,TRUE,TRUE,TRUE,TRUE,1,Journal website,http://www.oikosjournal.org/appendix/oik-01549,TRUE,FALSE,txt,TRUE,TRUE,1,Journal website,http://www.oikosjournal.org/appendix/oik-01549,TRUE,FALSE,R (txt),Supplement file on separate site to journal website: http://www.oikosjournal.org/appendix/oik-01549,nom_shared_both_code_data,act_shared_both_code_data
